english,chinese,social,total,count
1,6,10,17,1
1,6,11,18,1
1,6,12,19,1
1,6,13,20,1
1,7,5,13,1
1,7,6,14,1
1,7,7,15,1
1,7,8,16,1
1,7,9,17,1
1,7,10,18,1
1,7,11,19,1
1,7,12,20,1
1,7,13,21,1
1,7,14,22,1
1,8,4,13,1
1,8,5,14,1
1,8,6,15,1
1,8,7,16,1
1,8,8,17,1
1,8,9,18,1
1,8,10,19,1
1,8,11,20,2
1,8,12,21,2
1,8,13,22,2
1,8,14,23,1
1,8,15,24,1
1,9,3,13,1
1,9,4,14,1
1,9,5,15,1
1,9,6,16,1
1,9,7,17,2
1,9,8,18,2
1,9,9,19,2
1,9,10,20,2
1,9,11,21,2
1,9,12,22,2
1,9,13,23,2
1,9,14,24,2
1,9,15,25,1
1,10,3,14,1
1,10,4,15,2
1,10,5,16,2
1,10,6,17,2
1,10,7,18,2
1,10,8,19,2
1,10,9,20,2
1,10,10,21,3
1,10,11,22,3
1,10,12,23,3
1,10,13,24,3
1,10,14,25,2
1,10,15,26,1
1,11,3,15,1
1,11,4,16,2
1,11,5,17,2
1,11,6,18,2
1,11,7,19,2
1,11,8,20,2
1,11,9,21,2
1,11,10,22,3
1,11,11,23,3
1,11,12,24,3
1,11,13,25,3
1,11,14,26,2
1,11,15,27,1
1,12,3,16,1
1,12,4,17,1
1,12,5,18,1
1,12,6,19,2
1,12,7,20,2
1,12,8,21,2
1,12,9,22,2
1,12,10,23,2
1,12,11,24,2
1,12,12,25,3
1,12,13,26,2
1,12,14,27,2
1,12,15,28,1
1,13,3,17,1
1,13,4,18,1
1,13,5,19,1
1,13,6,20,1
1,13,7,21,1
1,13,8,22,1
1,13,9,23,2
1,13,10,24,2
1,13,11,25,2
1,13,12,26,2
1,13,13,27,2
1,13,14,28,1
1,13,15,29,1
1,14,4,19,1
1,14,5,20,1
1,14,6,21,1
1,14,7,22,1
1,14,8,23,1
1,14,9,24,1
1,14,10,25,1
1,14,11,26,1
1,14,12,27,1
1,14,13,28,1
1,14,14,29,1
2,2,4,8,1
2,2,5,9,1
2,2,6,10,1
2,2,7,11,1
2,2,8,12,1
2,2,9,13,1
2,2,10,14,1
2,2,11,15,1
2,2,12,16,2
2,2,13,17,1
2,2,14,18,1
2,2,15,19,1
2,3,3,8,1
2,3,4,9,1
2,3,5,10,2
2,3,6,11,2
2,3,7,12,2
2,3,8,13,2
2,3,9,14,2
2,3,10,15,2
2,3,11,16,3
2,3,12,17,3
2,3,13,18,3
2,3,14,19,2
2,3,15,20,1
2,4,3,9,1
2,4,4,10,2
2,4,5,11,2
2,4,6,12,2
2,4,7,13,3
2,4,8,14,3
2,4,9,15,3
2,4,10,16,4
2,4,11,17,4
2,4,12,18,4
2,4,13,19,4
2,4,14,20,3
2,4,15,21,2
2,5,3,10,2
2,5,4,11,3
2,5,5,12,4
2,5,6,13,4
2,5,7,14,4
2,5,8,15,5
2,5,9,16,5
2,5,10,17,6
2,5,11,18,6
2,5,12,19,7
2,5,13,20,6
2,5,14,21,5
2,5,15,22,3
2,6,3,11,3
2,6,4,12,5
2,6,5,13,6
2,6,6,14,6
2,6,7,15,7
2,6,8,16,8
2,6,9,17,8
2,6,10,18,9
2,6,11,19,10
2,6,12,20,11
2,6,13,21,10
2,6,14,22,8
2,6,15,23,4
2,7,2,11,1
2,7,3,12,5
2,7,4,13,9
2,7,5,14,10
2,7,6,15,11
2,7,7,16,12
2,7,8,17,13
2,7,9,18,14
2,7,10,19,16
2,7,11,20,17
2,7,12,21,18
2,7,13,22,17
2,7,14,23,13
2,7,15,24,7
2,8,2,12,1
2,8,3,13,8
2,8,4,14,15
2,8,5,15,17
2,8,6,16,18
2,8,7,17,20
2,8,8,18,22
2,8,9,19,24
2,8,10,20,27
2,8,11,21,29
2,8,12,22,31
2,8,13,23,29
2,8,14,24,23
2,8,15,25,12
2,9,2,13,1
2,9,3,14,11
2,9,4,15,22
2,9,5,16,24
2,9,6,17,26
2,9,7,18,28
2,9,8,19,32
2,9,9,20,34
2,9,10,21,38
2,9,11,22,41
2,9,12,23,44
2,9,13,24,41
2,9,14,25,32
2,9,15,26,17
2,10,2,14,2
2,10,3,15,14
2,10,4,16,28
2,10,5,17,31
2,10,6,18,33
2,10,7,19,36
2,10,8,20,41
2,10,9,21,44
2,10,10,22,49
2,10,11,23,53
2,10,12,24,57
2,10,13,25,52
2,10,14,26,42
2,10,15,27,22
2,11,2,15,2
2,11,3,16,15
2,11,4,17,28
2,11,5,18,32
2,11,6,19,34
2,11,7,20,37
2,11,8,21,41
2,11,9,22,45
2,11,10,23,49
2,11,11,24,53
2,11,12,25,57
2,11,13,26,53
2,11,14,27,42
2,11,15,28,22
2,12,2,16,2
2,12,3,17,13
2,12,4,18,24
2,12,5,19,28
2,12,6,20,29
2,12,7,21,32
2,12,8,22,36
2,12,9,23,39
2,12,10,24,43
2,12,11,25,46
2,12,12,26,50
2,12,13,27,46
2,12,14,28,36
2,12,15,29,19
2,13,2,17,1
2,13,3,18,9
2,13,4,19,18
2,13,5,20,20
2,13,6,21,21
2,13,7,22,23
2,13,8,23,26
2,13,9,24,28
2,13,10,25,31
2,13,11,26,34
2,13,12,27,37
2,13,13,28,34
2,13,14,29,27
2,13,15,30,14
2,14,2,18,1
2,14,3,19,5
2,14,4,20,9
2,14,5,21,10
2,14,6,22,11
2,14,7,23,12
2,14,8,24,14
2,14,9,25,15
2,14,10,26,16
2,14,11,27,17
2,14,12,28,19
2,14,13,29,17
2,14,14,30,14
2,14,15,31,7
2,15,3,20,2
2,15,4,21,4
2,15,5,22,5
2,15,6,23,5
2,15,7,24,5
2,15,8,25,6
2,15,9,26,7
2,15,10,27,7
2,15,11,28,8
2,15,12,29,9
2,15,13,30,8
2,15,14,31,6
2,15,15,32,3
3,2,3,8,1
3,2,4,9,2
3,2,5,10,3
3,2,6,11,3
3,2,7,12,3
3,2,8,13,3
3,2,9,14,4
3,2,10,15,4
3,2,11,16,4
3,2,12,17,5
3,2,13,18,4
3,2,14,19,3
3,2,15,20,2
3,3,3,9,2
3,3,4,10,4
3,3,5,11,5
3,3,6,12,5
3,3,7,13,6
3,3,8,14,6
3,3,9,15,7
3,3,10,16,8
3,3,11,17,8
3,3,12,18,9
3,3,13,19,8
3,3,14,20,6
3,3,15,21,3
3,4,3,10,3
3,4,4,11,6
3,4,5,12,7
3,4,6,13,8
3,4,7,14,8
3,4,8,15,9
3,4,9,16,10
3,4,10,17,11
3,4,11,18,12
3,4,12,19,13
3,4,13,20,12
3,4,14,21,9
3,4,15,22,5
3,5,2,10,1
3,5,3,11,5
3,5,4,12,10
3,5,5,13,12
3,5,6,14,12
3,5,7,15,13
3,5,8,16,15
3,5,9,17,16
3,5,10,18,18
3,5,11,19,19
3,5,12,20,21
3,5,13,21,19
3,5,14,22,15
3,5,15,23,8
3,6,2,11,1
3,6,3,12,8
3,6,4,13,16
3,6,5,14,18
3,6,6,15,19
3,6,7,16,21
3,6,8,17,24
3,6,9,18,26
3,6,10,19,29
3,6,11,20,31
3,6,12,21,33
3,6,13,22,31
3,6,14,23,24
3,6,15,24,13
3,7,2,12,2
3,7,3,13,14
3,7,4,14,28
3,7,5,15,31
3,7,6,16,33
3,7,7,17,36
3,7,8,18,41
3,7,9,19,44
3,7,10,20,49
3,7,11,21,52
3,7,12,22,56
3,7,13,23,52
3,7,14,24,41
3,7,15,25,22
3,8,2,13,3
3,8,3,14,24
3,8,4,15,47
3,8,5,16,53
3,8,6,17,56
3,8,7,18,61
3,8,8,19,69
3,8,9,20,74
3,8,10,21,82
3,8,11,22,88
3,8,12,23,96
3,8,13,24,88
3,8,14,25,70
3,8,15,26,37
3,9,2,14,4
3,9,3,15,34
3,9,4,16,67
3,9,5,17,75
3,9,6,18,79
3,9,7,19,87
3,9,8,20,98
3,9,9,21,106
3,9,10,22,117
3,9,11,23,126
3,9,12,24,136
3,9,13,25,125
3,9,14,26,100
3,9,15,27,52
3,10,2,15,5
3,10,3,16,44
3,10,4,17,86
3,10,5,18,97
3,10,6,19,103
3,10,7,20,112
3,10,8,21,127
3,10,9,22,137
3,10,10,23,151
3,10,11,24,163
3,10,12,25,176
3,10,13,26,162
3,10,14,27,129
3,10,15,28,67
3,11,2,16,5
3,11,3,17,45
3,11,4,18,87
3,11,5,19,98
3,11,6,20,104
3,11,7,21,114
3,11,8,22,128
3,11,9,23,138
3,11,10,24,153
3,11,11,25,164
3,11,12,26,178
3,11,13,27,164
3,11,14,28,130
3,11,15,29,68
3,12,2,17,5
3,12,3,18,39
3,12,4,19,76
3,12,5,20,85
3,12,6,21,90
3,12,7,22,98
3,12,8,23,111
3,12,9,24,120
3,12,10,25,132
3,12,11,26,142
3,12,12,27,154
3,12,13,28,142
3,12,14,29,113
3,12,15,30,59
3,13,2,18,3
3,13,3,19,29
3,13,4,20,55
3,13,5,21,63
3,13,6,22,66
3,13,7,23,72
3,13,8,24,81
3,13,9,25,88
3,13,10,26,97
3,13,11,27,104
3,13,12,28,113
3,13,13,29,104
3,13,14,30,83
3,13,15,31,43
3,14,2,19,2
3,14,3,20,15
3,14,4,21,29
3,14,5,22,32
3,14,6,23,34
3,14,7,24,37
3,14,8,25,42
3,14,9,26,45
3,14,10,27,50
3,14,11,28,54
3,14,12,29,58
3,14,13,30,54
3,14,14,31,43
3,14,15,32,22
3,15,2,20,1
3,15,3,21,7
3,15,4,22,13
3,15,5,23,15
3,15,6,24,16
3,15,7,25,17
3,15,8,26,19
3,15,9,27,21
3,15,10,28,23
3,15,11,29,25
3,15,12,30,27
3,15,13,31,24
3,15,14,32,19
3,15,15,33,10
4,2,3,9,1
4,2,4,10,3
4,2,5,11,3
4,2,6,12,3
4,2,7,13,3
4,2,8,14,4
4,2,9,15,4
4,2,10,16,4
4,2,11,17,5
4,2,12,18,5
4,2,13,19,5
4,2,14,20,4
4,2,15,21,2
4,3,3,10,2
4,3,4,11,5
4,3,5,12,5
4,3,6,13,6
4,3,7,14,6
4,3,8,15,7
4,3,9,16,7
4,3,10,17,8
4,3,11,18,9
4,3,12,19,10
4,3,13,20,9
4,3,14,21,7
4,3,15,22,4
4,4,3,11,4
4,4,4,12,7
4,4,5,13,8
4,4,6,14,8
4,4,7,15,9
4,4,8,16,10
4,4,9,17,11
4,4,10,18,12
4,4,11,19,13
4,4,12,20,14
4,4,13,21,13
4,4,14,22,10
4,4,15,23,5
4,5,2,11,1
4,5,3,12,6
4,5,4,13,11
4,5,5,14,13
4,5,6,15,13
4,5,7,16,15
4,5,8,17,16
4,5,9,18,18
4,5,10,19,20
4,5,11,20,21
4,5,12,21,23
4,5,13,22,21
4,5,14,23,17
4,5,15,24,9
4,6,2,12,1
4,6,3,13,9
4,6,4,14,18
4,6,5,15,20
4,6,6,16,21
4,6,7,17,23
4,6,8,18,26
4,6,9,19,28
4,6,10,20,31
4,6,11,21,34
4,6,12,22,36
4,6,13,23,34
4,6,14,24,27
4,6,15,25,14
4,7,2,13,2
4,7,3,14,16
4,7,4,15,30
4,7,5,16,34
4,7,6,17,36
4,7,7,18,39
4,7,8,19,44
4,7,9,20,48
4,7,10,21,53
4,7,11,22,57
4,7,12,23,61
4,7,13,24,57
4,7,14,25,45
4,7,15,26,24
4,8,2,14,3
4,8,3,15,26
4,8,4,16,51
4,8,5,17,58
4,8,6,18,61
4,8,7,19,67
4,8,8,20,75
4,8,9,21,81
4,8,10,22,90
4,8,11,23,96
4,8,12,24,104
4,8,13,25,96
4,8,14,26,76
4,8,15,27,40
4,9,2,15,4
4,9,3,16,37
4,9,4,17,73
4,9,5,18,82
4,9,6,19,87
4,9,7,20,95
4,9,8,21,107
4,9,9,22,115
4,9,10,23,128
4,9,11,24,137
4,9,12,25,148
4,9,13,26,137
4,9,14,27,109
4,9,15,28,57
4,10,2,16,6
4,10,3,17,49
4,10,4,18,94
4,10,5,19,106
4,10,6,20,112
4,10,7,21,123
4,10,8,22,138
4,10,9,23,149
4,10,10,24,165
4,10,11,25,177
4,10,12,26,192
4,10,13,27,177
4,10,14,28,141
4,10,15,29,74
4,11,2,17,6
4,11,3,18,49
4,11,4,19,95
4,11,5,20,107
4,11,6,21,113
4,11,7,22,124
4,11,8,23,140
4,11,9,24,151
4,11,10,25,167
4,11,11,26,179
4,11,12,27,194
4,11,13,28,179
4,11,14,29,142
4,11,15,30,74
4,12,2,18,5
4,12,3,19,42
4,12,4,20,82
4,12,5,21,93
4,12,6,22,98
4,12,7,23,107
4,12,8,24,121
4,12,9,25,131
4,12,10,26,145
4,12,11,27,155
4,12,12,28,168
4,12,13,29,155
4,12,14,30,123
4,12,15,31,64
4,13,2,19,4
4,13,3,20,31
4,13,4,21,61
4,13,5,22,68
4,13,6,23,72
4,13,7,24,79
4,13,8,25,89
4,13,9,26,96
4,13,10,27,106
4,13,11,28,114
4,13,12,29,123
4,13,13,30,114
4,13,14,31,90
4,13,15,32,47
4,14,2,20,2
4,14,3,21,16
4,14,4,22,31
4,14,5,23,35
4,14,6,24,37
4,14,7,25,41
4,14,8,26,46
4,14,9,27,50
4,14,10,28,55
4,14,11,29,59
4,14,12,30,64
4,14,13,31,59
4,14,14,32,47
4,14,15,33,24
4,15,2,21,1
4,15,3,22,7
4,15,4,23,14
4,15,5,24,16
4,15,6,25,17
4,15,7,26,19
4,15,8,27,21
4,15,9,28,22
4,15,10,29,25
4,15,11,30,27
4,15,12,31,29
4,15,13,32,27
4,15,14,33,21
4,15,15,34,11
5,2,3,10,1
5,2,4,11,2
5,2,5,12,3
5,2,6,13,3
5,2,7,14,3
5,2,8,15,4
5,2,9,16,4
5,2,10,17,4
5,2,11,18,5
5,2,12,19,5
5,2,13,20,5
5,2,14,21,4
5,2,15,22,2
5,3,3,11,2
5,3,4,12,4
5,3,5,13,5
5,3,6,14,5
5,3,7,15,6
5,3,8,16,7
5,3,9,17,7
5,3,10,18,8
5,3,11,19,8
5,3,12,20,9
5,3,13,21,8
5,3,14,22,7
5,3,15,23,3
5,4,3,12,3
5,4,4,13,7
5,4,5,14,7
5,4,6,15,8
5,4,7,16,9
5,4,8,17,10
5,4,9,18,10
5,4,10,19,11
5,4,11,20,12
5,4,12,21,13
5,4,13,22,12
5,4,14,23,10
5,4,15,24,5
5,5,2,12,1
5,5,3,13,5
5,5,4,14,11
5,5,5,15,12
5,5,6,16,13
5,5,7,17,14
5,5,8,18,16
5,5,9,19,17
5,5,10,20,19
5,5,11,21,20
5,5,12,22,22
5,5,13,23,20
5,5,14,24,16
5,5,15,25,8
5,6,2,13,1
5,6,3,14,9
5,6,4,15,17
5,6,5,16,19
5,6,6,17,20
5,6,7,18,22
5,6,8,19,25
5,6,9,20,27
5,6,10,21,30
5,6,11,22,32
5,6,12,23,34
5,6,13,24,32
5,6,14,25,25
5,6,15,26,13
5,7,2,14,2
5,7,3,15,15
5,7,4,16,29
5,7,5,17,32
5,7,6,18,34
5,7,7,19,37
5,7,8,20,42
5,7,9,21,45
5,7,10,22,50
5,7,11,23,54
5,7,12,24,58
5,7,13,25,54
5,7,14,26,43
5,7,15,27,22
5,8,2,15,3
5,8,3,16,25
5,8,4,17,48
5,8,5,18,55
5,8,6,19,58
5,8,7,20,63
5,8,8,21,71
5,8,9,22,77
5,8,10,23,85
5,8,11,24,91
5,8,12,25,98
5,8,13,26,91
5,8,14,27,72
5,8,15,28,38
5,9,2,16,4
5,9,3,17,35
5,9,4,18,69
5,9,5,19,78
5,9,6,20,82
5,9,7,21,90
5,9,8,22,101
5,9,9,23,109
5,9,10,24,121
5,9,11,25,129
5,9,12,26,140
5,9,13,27,129
5,9,14,28,103
5,9,15,29,54
5,10,2,17,5
5,10,3,18,46
5,10,4,19,89
5,10,5,20,100
5,10,6,21,106
5,10,7,22,116
5,10,8,23,130
5,10,9,24,141
5,10,10,25,156
5,10,11,26,168
5,10,12,27,181
5,10,13,28,167
5,10,14,29,133
5,10,15,30,70
5,11,2,18,6
5,11,3,19,46
5,11,4,20,90
5,11,5,21,101
5,11,6,22,107
5,11,7,23,117
5,11,8,24,132
5,11,9,25,142
5,11,10,26,158
5,11,11,27,169
5,11,12,28,183
5,11,13,29,169
5,11,14,30,134
5,11,15,31,70
5,12,2,19,5
5,12,3,20,40
5,12,4,21,78
5,12,5,22,88
5,12,6,23,93
5,12,7,24,102
5,12,8,25,114
5,12,9,26,123
5,12,10,27,137
5,12,11,28,147
5,12,12,29,159
5,12,13,30,146
5,12,14,31,116
5,12,15,32,61
5,13,2,20,4
5,13,3,21,29
5,13,4,22,57
5,13,5,23,65
5,13,6,24,68
5,13,7,25,75
5,13,8,26,84
5,13,9,27,91
5,13,10,28,100
5,13,11,29,108
5,13,12,30,116
5,13,13,31,108
5,13,14,32,85
5,13,15,33,45
5,14,2,21,2
5,14,3,22,15
5,14,4,23,30
5,14,5,24,33
5,14,6,25,35
5,14,7,26,39
5,14,8,27,43
5,14,9,28,47
5,14,10,29,52
5,14,11,30,56
5,14,12,31,60
5,14,13,32,56
5,14,14,33,44
5,14,15,34,23
5,15,2,22,1
5,15,3,23,7
5,15,4,24,13
5,15,5,25,15
5,15,6,26,16
5,15,7,27,18
5,15,8,28,20
5,15,9,29,21
5,15,10,30,24
5,15,11,31,25
5,15,12,32,27
5,15,13,33,25
5,15,14,34,20
5,15,15,35,10
6,2,3,11,1
6,2,4,12,2
6,2,5,13,3
6,2,6,14,3
6,2,7,15,3
6,2,8,16,3
6,2,9,17,4
6,2,10,18,4
6,2,11,19,4
6,2,12,20,5
6,2,13,21,4
6,2,14,22,3
6,2,15,23,2
6,3,3,12,2
6,3,4,13,4
6,3,5,14,5
6,3,6,15,5
6,3,7,16,6
6,3,8,17,6
6,3,9,18,7
6,3,10,19,7
6,3,11,20,8
6,3,12,21,9
6,3,13,22,8
6,3,14,23,6
6,3,15,24,3
6,4,3,13,3
6,4,4,14,6
6,4,5,15,7
6,4,6,16,7
6,4,7,17,8
6,4,8,18,9
6,4,9,19,10
6,4,10,20,11
6,4,11,21,12
6,4,12,22,13
6,4,13,23,12
6,4,14,24,9
6,4,15,25,5
6,5,2,13,1
6,5,3,14,5
6,5,4,15,10
6,5,5,16,11
6,5,6,17,12
6,5,7,18,13
6,5,8,19,15
6,5,9,20,16
6,5,10,21,18
6,5,11,22,19
6,5,12,23,21
6,5,13,24,19
6,5,14,25,15
6,5,15,26,8
6,6,2,14,1
6,6,3,15,8
6,6,4,16,16
6,6,5,17,18
6,6,6,18,19
6,6,7,19,21
6,6,8,20,24
6,6,9,21,25
6,6,10,22,28
6,6,11,23,30
6,6,12,24,33
6,6,13,25,30
6,6,14,26,24
6,6,15,27,13
6,7,2,15,2
6,7,3,16,14
6,7,4,17,27
6,7,5,18,31
6,7,6,19,32
6,7,7,20,36
6,7,8,21,40
6,7,9,22,43
6,7,10,23,48
6,7,11,24,51
6,7,12,25,55
6,7,13,26,51
6,7,14,27,41
6,7,15,28,21
6,8,2,16,3
6,8,3,17,24
6,8,4,18,46
6,8,5,19,52
6,8,6,20,55
6,8,7,21,60
6,8,8,22,68
6,8,9,23,73
6,8,10,24,81
6,8,11,25,87
6,8,12,26,94
6,8,13,27,87
6,8,14,28,69
6,8,15,29,36
6,9,2,17,4
6,9,3,18,34
6,9,4,19,66
6,9,5,20,74
6,9,6,21,78
6,9,7,22,86
6,9,8,23,96
6,9,9,24,104
6,9,10,25,115
6,9,11,26,124
6,9,12,27,134
6,9,13,28,123
6,9,14,29,98
6,9,15,30,51
6,10,2,18,5
6,10,3,19,44
6,10,4,20,85
6,10,5,21,96
6,10,6,22,101
6,10,7,23,111
6,10,8,24,125
6,10,9,25,135
6,10,10,26,149
6,10,11,27,160
6,10,12,28,173
6,10,13,29,160
6,10,14,30,127
6,10,15,31,66
6,11,2,19,5
6,11,3,20,44
6,11,4,21,86
6,11,5,22,97
6,11,6,23,102
6,11,7,24,112
6,11,8,25,126
6,11,9,26,136
6,11,10,27,151
6,11,11,28,162
6,11,12,29,175
6,11,13,30,162
6,11,14,31,128
6,11,15,32,67
6,12,2,20,5
6,12,3,21,38
6,12,4,22,74
6,12,5,23,84
6,12,6,24,89
6,12,7,25,97
6,12,8,26,109
6,12,9,27,118
6,12,10,28,130
6,12,11,29,140
6,12,12,30,151
6,12,13,31,140
6,12,14,32,111
6,12,15,33,58
6,13,2,21,3
6,13,3,22,28
6,13,4,23,55
6,13,5,24,62
6,13,6,25,65
6,13,7,26,71
6,13,8,27,80
6,13,9,28,87
6,13,10,29,96
6,13,11,30,103
6,13,12,31,111
6,13,13,32,103
6,13,14,33,82
6,13,15,34,43
6,14,2,22,2
6,14,3,23,15
6,14,4,24,28
6,14,5,25,32
6,14,6,26,34
6,14,7,27,37
6,14,8,28,41
6,14,9,29,45
6,14,10,30,50
6,14,11,31,53
6,14,12,32,58
6,14,13,33,53
6,14,14,34,42
6,14,15,35,22
6,15,2,23,1
6,15,3,24,7
6,15,4,25,13
6,15,5,26,14
6,15,6,27,15
6,15,7,28,17
6,15,8,29,19
6,15,9,30,20
6,15,10,31,22
6,15,11,32,24
6,15,12,33,26
6,15,13,34,24
6,15,14,35,19
6,15,15,36,10
7,2,3,12,1
7,2,4,13,2
7,2,5,14,2
7,2,6,15,3
7,2,7,16,3
7,2,8,17,3
7,2,9,18,3
7,2,10,19,4
7,2,11,20,4
7,2,12,21,4
7,2,13,22,4
7,2,14,23,3
7,2,15,24,2
7,3,3,13,2
7,3,4,14,4
7,3,5,15,5
7,3,6,16,5
7,3,7,17,5
7,3,8,18,6
7,3,9,19,6
7,3,10,20,7
7,3,11,21,8
7,3,12,22,8
7,3,13,23,8
7,3,14,24,6
7,3,15,25,3
7,4,3,14,3
7,4,4,15,6
7,4,5,16,7
7,4,6,17,7
7,4,7,18,8
7,4,8,19,9
7,4,9,20,9
7,4,10,21,10
7,4,11,22,11
7,4,12,23,12
7,4,13,24,11
7,4,14,25,9
7,4,15,26,5
7,5,2,14,1
7,5,3,15,5
7,5,4,16,10
7,5,5,17,11
7,5,6,18,11
7,5,7,19,12
7,5,8,20,14
7,5,9,21,15
7,5,10,22,17
7,5,11,23,18
7,5,12,24,20
7,5,13,25,18
7,5,14,26,14
7,5,15,27,7
7,6,2,15,1
7,6,3,16,8
7,6,4,17,15
7,6,5,18,17
7,6,6,19,18
7,6,7,20,20
7,6,8,21,22
7,6,9,22,24
7,6,10,23,27
7,6,11,24,29
7,6,12,25,31
7,6,13,26,29
7,6,14,27,23
7,6,15,28,12
7,7,2,16,2
7,7,3,17,13
7,7,4,18,26
7,7,5,19,29
7,7,6,20,31
7,7,7,21,34
7,7,8,22,38
7,7,9,23,41
7,7,10,24,45
7,7,11,25,49
7,7,12,26,53
7,7,13,27,49
7,7,14,28,39
7,7,15,29,20
7,8,2,17,3
7,8,3,18,23
7,8,4,19,44
7,8,5,20,49
7,8,6,21,52
7,8,7,22,57
7,8,8,23,64
7,8,9,24,69
7,8,10,25,77
7,8,11,26,82
7,8,12,27,89
7,8,13,28,82
7,8,14,29,65
7,8,15,30,34
7,9,2,18,4
7,9,3,19,32
7,9,4,20,62
7,9,5,21,70
7,9,6,22,74
7,9,7,23,81
7,9,8,24,91
7,9,9,25,98
7,9,10,26,109
7,9,11,27,117
7,9,12,28,126
7,9,13,29,117
7,9,14,30,93
7,9,15,31,49
7,10,2,19,5
7,10,3,20,41
7,10,4,21,80
7,10,5,22,91
7,10,6,23,96
7,10,7,24,105
7,10,8,25,118
7,10,9,26,127
7,10,10,27,141
7,10,11,28,152
7,10,12,29,164
7,10,13,30,151
7,10,14,31,120
7,10,15,32,63
7,11,2,20,5
7,11,3,21,42
7,11,4,22,81
7,11,5,23,92
7,11,6,24,97
7,11,7,25,106
7,11,8,26,119
7,11,9,27,129
7,11,10,28,143
7,11,11,29,153
7,11,12,30,166
7,11,13,31,153
7,11,14,32,121
7,11,15,33,64
7,12,2,21,4
7,12,3,22,36
7,12,4,23,70
7,12,5,24,79
7,12,6,25,84
7,12,7,26,92
7,12,8,27,103
7,12,9,28,112
7,12,10,29,124
7,12,11,30,133
7,12,12,31,143
7,12,13,32,132
7,12,14,33,105
7,12,15,34,55
7,13,2,22,3
7,13,3,23,27
7,13,4,24,52
7,13,5,25,58
7,13,6,26,62
7,13,7,27,67
7,13,8,28,76
7,13,9,29,82
7,13,10,30,91
7,13,11,31,97
7,13,12,32,105
7,13,13,33,97
7,13,14,34,77
7,13,15,35,40
7,14,2,23,2
7,14,3,24,14
7,14,4,25,27
7,14,5,26,30
7,14,6,27,32
7,14,7,28,35
7,14,8,29,39
7,14,9,30,42
7,14,10,31,47
7,14,11,32,50
7,14,12,33,54
7,14,13,34,50
7,14,14,35,40
7,14,15,36,21
7,15,2,24,1
7,15,3,25,6
7,15,4,26,12
7,15,5,27,14
7,15,6,28,14
7,15,7,29,16
7,15,8,30,18
7,15,9,31,19
7,15,10,32,21
7,15,11,33,23
7,15,12,34,25
7,15,13,35,23
7,15,14,36,18
7,15,15,37,9
8,2,3,13,1
8,2,4,14,2
8,2,5,15,2
8,2,6,16,3
8,2,7,17,3
8,2,8,18,3
8,2,9,19,3
8,2,10,20,4
8,2,11,21,4
8,2,12,22,4
8,2,13,23,4
8,2,14,24,3
8,2,15,25,2
8,3,3,14,2
8,3,4,15,4
8,3,5,16,5
8,3,6,17,5
8,3,7,18,5
8,3,8,19,6
8,3,9,20,7
8,3,10,21,7
8,3,11,22,8
8,3,12,23,8
8,3,13,24,8
8,3,14,25,6
8,3,15,26,3
8,4,3,15,3
8,4,4,16,6
8,4,5,17,7
8,4,6,18,7
8,4,7,19,8
8,4,8,20,9
8,4,9,21,10
8,4,10,22,11
8,4,11,23,11
8,4,12,24,12
8,4,13,25,11
8,4,14,26,9
8,4,15,27,5
8,5,2,15,1
8,5,3,16,5
8,5,4,17,10
8,5,5,18,11
8,5,6,19,12
8,5,7,20,13
8,5,8,21,14
8,5,9,22,15
8,5,10,23,17
8,5,11,24,18
8,5,12,25,20
8,5,13,26,18
8,5,14,27,15
8,5,15,28,8
8,6,2,16,1
8,6,3,17,8
8,6,4,18,16
8,6,5,19,18
8,6,6,20,18
8,6,7,21,20
8,6,8,22,23
8,6,9,23,25
8,6,10,24,27
8,6,11,25,29
8,6,12,26,32
8,6,13,27,29
8,6,14,28,23
8,6,15,29,12
8,7,2,17,2
8,7,3,18,14
8,7,4,19,26
8,7,5,20,30
8,7,6,21,31
8,7,7,22,34
8,7,8,23,39
8,7,9,24,42
8,7,10,25,46
8,7,11,26,50
8,7,12,27,54
8,7,13,28,49
8,7,14,29,39
8,7,15,30,21
8,8,2,18,3
8,8,3,19,23
8,8,4,20,45
8,8,5,21,50
8,8,6,22,53
8,8,7,23,58
8,8,8,24,65
8,8,9,25,71
8,8,10,26,78
8,8,11,27,84
8,8,12,28,91
8,8,13,29,84
8,8,14,30,67
8,8,15,31,35
8,9,2,19,4
8,9,3,20,33
8,9,4,21,63
8,9,5,22,71
8,9,6,23,75
8,9,7,24,83
8,9,8,25,93
8,9,9,26,100
8,9,10,27,111
8,9,11,28,119
8,9,12,29,129
8,9,13,30,119
8,9,14,31,95
8,9,15,32,49
8,10,2,20,5
8,10,3,21,42
8,10,4,22,82
8,10,5,23,92
8,10,6,24,98
8,10,7,25,107
8,10,8,26,120
8,10,9,27,130
8,10,10,28,144
8,10,11,29,154
8,10,12,30,167
8,10,13,31,154
8,10,14,32,122
8,10,15,33,64
8,11,2,21,5
8,11,3,22,43
8,11,4,23,83
8,11,5,24,94
8,11,6,25,99
8,11,7,26,108
8,11,8,27,122
8,11,9,28,131
8,11,10,29,145
8,11,11,30,156
8,11,12,31,169
8,11,13,32,156
8,11,14,33,124
8,11,15,34,65
8,12,2,22,4
8,12,3,23,37
8,12,4,24,72
8,12,5,25,81
8,12,6,26,86
8,12,7,27,94
8,12,8,28,105
8,12,9,29,114
8,12,10,30,126
8,12,11,31,135
8,12,12,32,146
8,12,13,33,135
8,12,14,34,107
8,12,15,35,56
8,13,2,23,3
8,13,3,24,27
8,13,4,25,53
8,13,5,26,59
8,13,6,27,63
8,13,7,28,69
8,13,8,29,77
8,13,9,30,83
8,13,10,31,92
8,13,11,32,99
8,13,12,33,107
8,13,13,34,99
8,13,14,35,79
8,13,15,36,41
8,14,2,24,2
8,14,3,25,14
8,14,4,26,27
8,14,5,27,31
8,14,6,28,32
8,14,7,29,36
8,14,8,30,40
8,14,9,31,43
8,14,10,32,48
8,14,11,33,51
8,14,12,34,55
8,14,13,35,51
8,14,14,36,41
8,14,15,37,21
8,15,2,25,1
8,15,3,26,6
8,15,4,27,12
8,15,5,28,14
8,15,6,29,15
8,15,7,30,16
8,15,8,31,18
8,15,9,32,20
8,15,10,33,22
8,15,11,34,23
8,15,12,35,25
8,15,13,36,23
8,15,14,37,18
8,15,15,38,10
9,2,3,14,1
9,2,4,15,2
9,2,5,16,2
9,2,6,17,3
9,2,7,18,3
9,2,8,19,3
9,2,9,20,3
9,2,10,21,4
9,2,11,22,4
9,2,12,23,4
9,2,13,24,4
9,2,14,25,3
9,2,15,26,2
9,3,3,15,2
9,3,4,16,4
9,3,5,17,5
9,3,6,18,5
9,3,7,19,5
9,3,8,20,6
9,3,9,21,6
9,3,10,22,7
9,3,11,23,8
9,3,12,24,8
9,3,13,25,8
9,3,14,26,6
9,3,15,27,3
9,4,3,16,3
9,4,4,17,6
9,4,5,18,7
9,4,6,19,7
9,4,7,20,8
9,4,8,21,9
9,4,9,22,9
9,4,10,23,10
9,4,11,24,11
9,4,12,25,12
9,4,13,26,11
9,4,14,27,9
9,4,15,28,5
9,5,2,16,1
9,5,3,17,5
9,5,4,18,10
9,5,5,19,11
9,5,6,20,12
9,5,7,21,13
9,5,8,22,14
9,5,9,23,15
9,5,10,24,17
9,5,11,25,18
9,5,12,26,20
9,5,13,27,18
9,5,14,28,15
9,5,15,29,8
9,6,2,17,1
9,6,3,18,8
9,6,4,19,15
9,6,5,20,17
9,6,6,21,18
9,6,7,22,20
9,6,8,23,23
9,6,9,24,24
9,6,10,25,27
9,6,11,26,29
9,6,12,27,31
9,6,13,28,29
9,6,14,29,23
9,6,15,30,12
9,7,2,18,2
9,7,3,19,13
9,7,4,20,26
9,7,5,21,30
9,7,6,22,31
9,7,7,23,34
9,7,8,24,38
9,7,9,25,41
9,7,10,26,46
9,7,11,27,49
9,7,12,28,53
9,7,13,29,49
9,7,14,30,39
9,7,15,31,20
9,8,2,19,3
9,8,3,20,23
9,8,4,21,44
9,8,5,22,50
9,8,6,23,53
9,8,7,24,58
9,8,8,25,65
9,8,9,26,70
9,8,10,27,78
9,8,11,28,84
9,8,12,29,90
9,8,13,30,83
9,8,14,31,66
9,8,15,32,35
9,9,2,20,4
9,9,3,21,32
9,9,4,22,63
9,9,5,23,71
9,9,6,24,75
9,9,7,25,82
9,9,8,26,92
9,9,9,27,100
9,9,10,28,110
9,9,11,29,119
9,9,12,30,128
9,9,13,31,118
9,9,14,32,94
9,9,15,33,49
9,10,2,21,5
9,10,3,22,42
9,10,4,23,82
9,10,5,24,92
9,10,6,25,97
9,10,7,26,106
9,10,8,27,120
9,10,9,28,129
9,10,10,29,143
9,10,11,30,154
9,10,12,31,166
9,10,13,32,153
9,10,14,33,122
9,10,15,34,64
9,11,2,22,5
9,11,3,23,42
9,11,4,24,82
9,11,5,25,93
9,11,6,26,98
9,11,7,27,107
9,11,8,28,121
9,11,9,29,131
9,11,10,30,145
9,11,11,31,155
9,11,12,32,168
9,11,13,33,155
9,11,14,34,123
9,11,15,35,64
9,12,2,23,4
9,12,3,24,37
9,12,4,25,71
9,12,5,26,81
9,12,6,27,85
9,12,7,28,93
9,12,8,29,105
9,12,9,30,113
9,12,10,31,125
9,12,11,32,134
9,12,12,33,145
9,12,13,34,134
9,12,14,35,107
9,12,15,36,56
9,13,2,24,3
9,13,3,25,27
9,13,4,26,52
9,13,5,27,59
9,13,6,28,62
9,13,7,29,68
9,13,8,30,77
9,13,9,31,83
9,13,10,32,92
9,13,11,33,99
9,13,12,34,107
9,13,13,35,99
9,13,14,36,78
9,13,15,37,41
9,14,2,25,2
9,14,3,26,14
9,14,4,27,27
9,14,5,28,31
9,14,6,29,32
9,14,7,30,35
9,14,8,31,40
9,14,9,32,43
9,14,10,33,48
9,14,11,34,51
9,14,12,35,55
9,14,13,36,51
9,14,14,37,40
9,14,15,38,21
9,15,2,26,1
9,15,3,27,6
9,15,4,28,12
9,15,5,29,14
9,15,6,30,15
9,15,7,31,16
9,15,8,32,18
9,15,9,33,19
9,15,10,34,22
9,15,11,35,23
9,15,12,36,25
9,15,13,37,23
9,15,14,38,18
9,15,15,39,10
10,2,3,15,1
10,2,4,16,2
10,2,5,17,3
10,2,6,18,3
10,2,7,19,3
10,2,8,20,3
10,2,9,21,4
10,2,10,22,4
10,2,11,23,4
10,2,12,24,5
10,2,13,25,4
10,2,14,26,3
10,2,15,27,2
10,3,3,16,2
10,3,4,17,4
10,3,5,18,5
10,3,6,19,5
10,3,7,20,6
10,3,8,21,6
10,3,9,22,7
10,3,10,23,8
10,3,11,24,8
10,3,12,25,9
10,3,13,26,8
10,3,14,27,6
10,3,15,28,3
10,4,3,17,3
10,4,4,18,6
10,4,5,19,7
10,4,6,20,7
10,4,7,21,8
10,4,8,22,9
10,4,9,23,10
10,4,10,24,11
10,4,11,25,12
10,4,12,26,13
10,4,13,27,12
10,4,14,28,9
10,4,15,29,5
10,5,2,17,1
10,5,3,18,5
10,5,4,19,10
10,5,5,20,11
10,5,6,21,12
10,5,7,22,13
10,5,8,23,15
10,5,9,24,16
10,5,10,25,18
10,5,11,26,19
10,5,12,27,21
10,5,13,28,19
10,5,14,29,15
10,5,15,30,8
10,6,2,18,1
10,6,3,19,8
10,6,4,20,16
10,6,5,21,18
10,6,6,22,19
10,6,7,23,21
10,6,8,24,24
10,6,9,25,26
10,6,10,26,28
10,6,11,27,30
10,6,12,28,33
10,6,13,29,30
10,6,14,30,24
10,6,15,31,13
10,7,2,19,2
10,7,3,20,14
10,7,4,21,27
10,7,5,22,31
10,7,6,23,33
10,7,7,24,36
10,7,8,25,40
10,7,9,26,43
10,7,10,27,48
10,7,11,28,52
10,7,12,29,56
10,7,13,30,52
10,7,14,31,41
10,7,15,32,21
10,8,2,20,3
10,8,3,21,24
10,8,4,22,46
10,8,5,23,52
10,8,6,24,55
10,8,7,25,61
10,8,8,26,68
10,8,9,27,74
10,8,10,28,81
10,8,11,29,88
10,8,12,30,95
10,8,13,31,87
10,8,14,32,69
10,8,15,33,36
10,9,2,21,4
10,9,3,22,34
10,9,4,23,66
10,9,5,24,74
10,9,6,25,79
10,9,7,26,86
10,9,8,27,97
10,9,9,28,104
10,9,10,29,116
10,9,11,30,124
10,9,12,31,134
10,9,13,32,124
10,9,14,33,99
10,9,15,34,52
10,10,2,22,5
10,10,3,23,44
10,10,4,24,85
10,10,5,25,96
10,10,6,26,102
10,10,7,27,111
10,10,8,28,125
10,10,9,29,135
10,10,10,30,150
10,10,11,31,161
10,10,12,32,174
10,10,13,33,161
10,10,14,34,128
10,10,15,35,67
10,11,2,23,5
10,11,3,24,45
10,11,4,25,86
10,11,5,26,97
10,11,6,27,103
10,11,7,28,113
10,11,8,29,127
10,11,9,30,137
10,11,10,31,151
10,11,11,32,163
10,11,12,33,176
10,11,13,34,162
10,11,14,35,129
10,11,15,36,67
10,12,2,24,5
10,12,3,25,39
10,12,4,26,75
10,12,5,27,84
10,12,6,28,89
10,12,7,29,97
10,12,8,30,110
10,12,9,31,118
10,12,10,32,131
10,12,11,33,141
10,12,12,34,152
10,12,13,35,141
10,12,14,36,112
10,12,15,37,58
10,13,2,25,3
10,13,3,26,28
10,13,4,27,55
10,13,5,28,62
10,13,6,29,65
10,13,7,30,72
10,13,8,31,81
10,13,9,32,87
10,13,10,33,96
10,13,11,34,103
10,13,12,35,112
10,13,13,36,103
10,13,14,37,82
10,13,15,38,43
10,14,2,26,2
10,14,3,27,15
10,14,4,28,28
10,14,5,29,32
10,14,6,30,34
10,14,7,31,37
10,14,8,32,42
10,14,9,33,45
10,14,10,34,50
10,14,11,35,53
10,14,12,36,58
10,14,13,37,53
10,14,14,38,42
10,14,15,39,22
10,15,2,27,1
10,15,3,28,7
10,15,4,29,13
10,15,5,30,15
10,15,6,31,15
10,15,7,32,17
10,15,8,33,19
10,15,9,34,20
10,15,10,35,23
10,15,11,36,24
10,15,12,37,26
10,15,13,38,24
10,15,14,39,19
10,15,15,40,10
11,2,3,16,1
11,2,4,17,2
11,2,5,18,3
11,2,6,19,3
11,2,7,20,3
11,2,8,21,3
11,2,9,22,4
11,2,10,23,4
11,2,11,24,4
11,2,12,25,5
11,2,13,26,4
11,2,14,27,4
11,2,15,28,2
11,3,3,17,2
11,3,4,18,4
11,3,5,19,5
11,3,6,20,5
11,3,7,21,6
11,3,8,22,6
11,3,9,23,7
11,3,10,24,8
11,3,11,25,8
11,3,12,26,9
11,3,13,27,8
11,3,14,28,7
11,3,15,29,3
11,4,3,18,3
11,4,4,19,6
11,4,5,20,7
11,4,6,21,8
11,4,7,22,8
11,4,8,23,9
11,4,9,24,10
11,4,10,25,11
11,4,11,26,12
11,4,12,27,13
11,4,13,28,12
11,4,14,29,10
11,4,15,30,5
11,5,2,18,1
11,5,3,19,5
11,5,4,20,10
11,5,5,21,12
11,5,6,22,12
11,5,7,23,14
11,5,8,24,15
11,5,9,25,17
11,5,10,26,18
11,5,11,27,20
11,5,12,28,21
11,5,13,29,20
11,5,14,30,16
11,5,15,31,8
11,6,2,19,1
11,6,3,20,9
11,6,4,21,17
11,6,5,22,19
11,6,6,23,20
11,6,7,24,22
11,6,8,25,24
11,6,9,26,26
11,6,10,27,29
11,6,11,28,31
11,6,12,29,34
11,6,13,30,31
11,6,14,31,25
11,6,15,32,13
11,7,2,20,2
11,7,3,21,14
11,7,4,22,28
11,7,5,23,32
11,7,6,24,34
11,7,7,25,37
11,7,8,26,41
11,7,9,27,45
11,7,10,28,49
11,7,11,29,53
11,7,12,30,57
11,7,13,31,53
11,7,14,32,42
11,7,15,33,22
11,8,2,21,3
11,8,3,22,25
11,8,4,23,48
11,8,5,24,54
11,8,6,25,57
11,8,7,26,62
11,8,8,27,70
11,8,9,28,76
11,8,10,29,84
11,8,11,30,90
11,8,12,31,97
11,8,13,32,90
11,8,14,33,71
11,8,15,34,37
11,9,2,22,4
11,9,3,23,35
11,9,4,24,68
11,9,5,25,76
11,9,6,26,81
11,9,7,27,88
11,9,8,28,99
11,9,9,29,107
11,9,10,30,119
11,9,11,31,128
11,9,12,32,138
11,9,13,33,127
11,9,14,34,101
11,9,15,35,53
11,10,2,23,5
11,10,3,24,45
11,10,4,25,88
11,10,5,26,99
11,10,6,27,104
11,10,7,28,114
11,10,8,29,129
11,10,9,30,139
11,10,10,31,154
11,10,11,32,165
11,10,12,33,179
11,10,13,34,165
11,10,14,35,131
11,10,15,36,68
11,11,2,24,5
11,11,3,25,46
11,11,4,26,89
11,11,5,27,100
11,11,6,28,106
11,11,7,29,116
11,11,8,30,130
11,11,9,31,140
11,11,10,32,155
11,11,11,33,167
11,11,12,34,180
11,11,13,35,167
11,11,14,36,132
11,11,15,37,69
11,12,2,25,5
11,12,3,26,40
11,12,4,27,77
11,12,5,28,87
11,12,6,29,91
11,12,7,30,100
11,12,8,31,113
11,12,9,32,122
11,12,10,33,135
11,12,11,34,145
11,12,12,35,156
11,12,13,36,144
11,12,14,37,115
11,12,15,38,60
11,13,2,26,3
11,13,3,27,29
11,13,4,28,56
11,13,5,29,64
11,13,6,30,67
11,13,7,31,73
11,13,8,32,83
11,13,9,33,89
11,13,10,34,99
11,13,11,35,106
11,13,12,36,115
11,13,13,37,106
11,13,14,38,84
11,13,15,39,44
11,14,2,27,2
11,14,3,28,15
11,14,4,29,29
11,14,5,30,33
11,14,6,31,35
11,14,7,32,38
11,14,8,33,43
11,14,9,34,46
11,14,10,35,51
11,14,11,36,55
11,14,12,37,59
11,14,13,38,55
11,14,14,39,44
11,14,15,40,23
11,15,2,28,1
11,15,3,29,7
11,15,4,30,13
11,15,5,31,15
11,15,6,32,16
11,15,7,33,17
11,15,8,34,19
11,15,9,35,21
11,15,10,36,23
11,15,11,37,25
11,15,12,38,27
11,15,13,39,25
11,15,14,40,20
11,15,15,41,10
12,2,3,17,1
12,2,4,18,2
12,2,5,19,3
12,2,6,20,3
12,2,7,21,3
12,2,8,22,4
12,2,9,23,4
12,2,10,24,4
12,2,11,25,5
12,2,12,26,5
12,2,13,27,5
12,2,14,28,4
12,2,15,29,2
12,3,3,18,2
12,3,4,19,5
12,3,5,20,5
12,3,6,21,5
12,3,7,22,6
12,3,8,23,7
12,3,9,24,7
12,3,10,25,8
12,3,11,26,9
12,3,12,27,9
12,3,13,28,9
12,3,14,29,7
12,3,15,30,4
12,4,3,19,3
12,4,4,20,7
12,4,5,21,8
12,4,6,22,8
12,4,7,23,9
12,4,8,24,10
12,4,9,25,11
12,4,10,26,12
12,4,11,27,13
12,4,12,28,14
12,4,13,29,13
12,4,14,30,10
12,4,15,31,5
12,5,2,19,1
12,5,3,20,6
12,5,4,21,11
12,5,5,22,12
12,5,6,23,13
12,5,7,24,14
12,5,8,25,16
12,5,9,26,17
12,5,10,27,19
12,5,11,28,20
12,5,12,29,22
12,5,13,30,20
12,5,14,31,16
12,5,15,32,8
12,6,2,20,1
12,6,3,21,9
12,6,4,22,17
12,6,5,23,19
12,6,6,24,21
12,6,7,25,22
12,6,8,26,25
12,6,9,27,27
12,6,10,28,30
12,6,11,29,32
12,6,12,30,35
12,6,13,31,32
12,6,14,32,26
12,6,15,33,13
12,7,2,21,2
12,7,3,22,15
12,7,4,23,29
12,7,5,24,33
12,7,6,25,35
12,7,7,26,38
12,7,8,27,43
12,7,9,28,46
12,7,10,29,51
12,7,11,30,55
12,7,12,31,59
12,7,13,32,55
12,7,14,33,44
12,7,15,34,23
12,8,2,22,3
12,8,3,23,26
12,8,4,24,49
12,8,5,25,56
12,8,6,26,59
12,8,7,27,65
12,8,8,28,73
12,8,9,29,78
12,8,10,30,87
12,8,11,31,93
12,8,12,32,101
12,8,13,33,93
12,8,14,34,74
12,8,15,35,39
12,9,2,23,4
12,9,3,24,36
12,9,4,25,70
12,9,5,26,79
12,9,6,27,84
12,9,7,28,92
12,9,8,29,103
12,9,9,30,111
12,9,10,31,123
12,9,11,32,132
12,9,12,33,143
12,9,13,34,132
12,9,14,35,105
12,9,15,36,55
12,10,2,24,6
12,10,3,25,47
12,10,4,26,91
12,10,5,27,103
12,10,6,28,108
12,10,7,29,119
12,10,8,30,133
12,10,9,31,144
12,10,10,32,160
12,10,11,33,171
12,10,12,34,185
12,10,13,35,171
12,10,14,36,136
12,10,15,37,71
12,11,2,25,6
12,11,3,26,47
12,11,4,27,92
12,11,5,28,104
12,11,6,29,110
12,11,7,30,120
12,11,8,31,135
12,11,9,32,146
12,11,10,33,161
12,11,11,34,173
12,11,12,35,187
12,11,13,36,173
12,11,14,37,137
12,11,15,38,72
12,12,2,26,5
12,12,3,27,41
12,12,4,28,80
12,12,5,29,90
12,12,6,30,95
12,12,7,31,104
12,12,8,32,117
12,12,9,33,126
12,12,10,34,140
12,12,11,35,150
12,12,12,36,162
12,12,13,37,150
12,12,14,38,119
12,12,15,39,62
12,13,2,27,4
12,13,3,28,30
12,13,4,29,58
12,13,5,30,66
12,13,6,31,70
12,13,7,32,76
12,13,8,33,86
12,13,9,34,93
12,13,10,35,103
12,13,11,36,110
12,13,12,37,119
12,13,13,38,110
12,13,14,39,87
12,13,15,40,46
12,14,2,28,2
12,14,3,29,16
12,14,4,30,30
12,14,5,31,34
12,14,6,32,36
12,14,7,33,39
12,14,8,34,44
12,14,9,35,48
12,14,10,36,53
12,14,11,37,57
12,14,12,38,62
12,14,13,39,57
12,14,14,40,45
12,14,15,41,24
12,15,2,29,1
12,15,3,30,7
12,15,4,31,14
12,15,5,32,15
12,15,6,33,16
12,15,7,34,18
12,15,8,35,20
12,15,9,36,22
12,15,10,37,24
12,15,11,38,26
12,15,12,39,28
12,15,13,40,26
12,15,14,41,21
12,15,15,42,11
13,2,3,18,1
13,2,4,19,2
13,2,5,20,3
13,2,6,21,3
13,2,7,22,3
13,2,8,23,3
13,2,9,24,4
13,2,10,25,4
13,2,11,26,4
13,2,12,27,5
13,2,13,28,4
13,2,14,29,3
13,2,15,30,2
13,3,3,19,2
13,3,4,20,4
13,3,5,21,5
13,3,6,22,5
13,3,7,23,6
13,3,8,24,6
13,3,9,25,7
13,3,10,26,7
13,3,11,27,8
13,3,12,28,9
13,3,13,29,8
13,3,14,30,6
13,3,15,31,3
13,4,3,20,3
13,4,4,21,6
13,4,5,22,7
13,4,6,23,7
13,4,7,24,8
13,4,8,25,9
13,4,9,26,10
13,4,10,27,11
13,4,11,28,12
13,4,12,29,13
13,4,13,30,12
13,4,14,31,9
13,4,15,32,5
13,5,2,20,1
13,5,3,21,5
13,5,4,22,10
13,5,5,23,11
13,5,6,24,12
13,5,7,25,13
13,5,8,26,15
13,5,9,27,16
13,5,10,28,18
13,5,11,29,19
13,5,12,30,21
13,5,13,31,19
13,5,14,32,15
13,5,15,33,8
13,6,2,21,1
13,6,3,22,8
13,6,4,23,16
13,6,5,24,18
13,6,6,25,19
13,6,7,26,21
13,6,8,27,24
13,6,9,28,25
13,6,10,29,28
13,6,11,30,30
13,6,12,31,33
13,6,13,32,30
13,6,14,33,24
13,6,15,34,13
13,7,2,22,2
13,7,3,23,14
13,7,4,24,27
13,7,5,25,31
13,7,6,26,32
13,7,7,27,35
13,7,8,28,40
13,7,9,29,43
13,7,10,30,48
13,7,11,31,51
13,7,12,32,55
13,7,13,33,51
13,7,14,34,41
13,7,15,35,21
13,8,2,23,3
13,8,3,24,24
13,8,4,25,46
13,8,5,26,52
13,8,6,27,55
13,8,7,28,60
13,8,8,29,68
13,8,9,30,73
13,8,10,31,81
13,8,11,32,87
13,8,12,33,94
13,8,13,34,87
13,8,14,35,69
13,8,15,36,36
13,9,2,24,4
13,9,3,25,34
13,9,4,26,65
13,9,5,27,74
13,9,6,28,78
13,9,7,29,85
13,9,8,30,96
13,9,9,31,104
13,9,10,32,115
13,9,11,33,123
13,9,12,34,133
13,9,13,35,123
13,9,14,36,98
13,9,15,37,51
13,10,2,25,5
13,10,3,26,44
13,10,4,27,85
13,10,5,28,96
13,10,6,29,101
13,10,7,30,110
13,10,8,31,124
13,10,9,32,134
13,10,10,33,148
13,10,11,34,160
13,10,12,35,172
13,10,13,36,159
13,10,14,37,126
13,10,15,38,66
13,11,2,26,5
13,11,3,27,44
13,11,4,28,86
13,11,5,29,97
13,11,6,30,102
13,11,7,31,112
13,11,8,32,126
13,11,9,33,136
13,11,10,34,150
13,11,11,35,161
13,11,12,36,174
13,11,13,37,161
13,11,14,38,128
13,11,15,39,67
13,12,2,27,5
13,12,3,28,38
13,12,4,29,74
13,12,5,30,84
13,12,6,31,88
13,12,7,32,97
13,12,8,33,109
13,12,9,34,117
13,12,10,35,130
13,12,11,36,140
13,12,12,37,151
13,12,13,38,139
13,12,14,39,111
13,12,15,40,58
13,13,2,28,3
13,13,3,29,28
13,13,4,30,54
13,13,5,31,61
13,13,6,32,65
13,13,7,33,71
13,13,8,34,80
13,13,9,35,86
13,13,10,36,95
13,13,11,37,103
13,13,12,38,111
13,13,13,39,102
13,13,14,40,81
13,13,15,41,43
13,14,2,29,2
13,14,3,30,15
13,14,4,31,28
13,14,5,32,32
13,14,6,33,34
13,14,7,34,37
13,14,8,35,41
13,14,9,36,45
13,14,10,37,49
13,14,11,38,53
13,14,12,39,57
13,14,13,40,53
13,14,14,41,42
13,14,15,42,22
13,15,2,30,1
13,15,3,31,7
13,15,4,32,13
13,15,5,33,14
13,15,6,34,15
13,15,7,35,17
13,15,8,36,19
13,15,9,37,20
13,15,10,38,22
13,15,11,39,24
13,15,12,40,26
13,15,13,41,24
13,15,14,42,19
13,15,15,43,10
14,2,3,19,1
14,2,4,20,2
14,2,5,21,2
14,2,6,22,2
14,2,7,23,2
14,2,8,24,3
14,2,9,25,3
14,2,10,26,3
14,2,11,27,3
14,2,12,28,4
14,2,13,29,3
14,2,14,30,3
14,2,15,31,1
14,3,3,20,2
14,3,4,21,3
14,3,5,22,4
14,3,6,23,4
14,3,7,24,4
14,3,8,25,5
14,3,9,26,5
14,3,10,27,6
14,3,11,28,6
14,3,12,29,7
14,3,13,30,6
14,3,14,31,5
14,3,15,32,3
14,4,3,21,2
14,4,4,22,5
14,4,5,23,5
14,4,6,24,6
14,4,7,25,6
14,4,8,26,7
14,4,9,27,8
14,4,10,28,8
14,4,11,29,9
14,4,12,30,10
14,4,13,31,9
14,4,14,32,7
14,4,15,33,4
14,5,3,22,4
14,5,4,23,8
14,5,5,24,9
14,5,6,25,9
14,5,7,26,10
14,5,8,27,11
14,5,9,28,12
14,5,10,29,14
14,5,11,30,15
14,5,12,31,16
14,5,13,32,15
14,5,14,33,12
14,5,15,34,6
14,6,2,22,1
14,6,3,23,6
14,6,4,24,12
14,6,5,25,14
14,6,6,26,15
14,6,7,27,16
14,6,8,28,18
14,6,9,29,20
14,6,10,30,22
14,6,11,31,23
14,6,12,32,25
14,6,13,33,23
14,6,14,34,19
14,6,15,35,10
14,7,2,23,1
14,7,3,24,11
14,7,4,25,21
14,7,5,26,24
14,7,6,27,25
14,7,7,28,27
14,7,8,29,31
14,7,9,30,33
14,7,10,31,37
14,7,11,32,40
14,7,12,33,43
14,7,13,34,40
14,7,14,35,31
14,7,15,36,16
14,8,2,24,2
14,8,3,25,18
14,8,4,26,36
14,8,5,27,40
14,8,6,28,42
14,8,7,29,46
14,8,8,30,52
14,8,9,31,56
14,8,10,32,62
14,8,11,33,67
14,8,12,34,72
14,8,13,35,67
14,8,14,36,53
14,8,15,37,28
14,9,2,25,3
14,9,3,26,26
14,9,4,27,51
14,9,5,28,57
14,9,6,29,60
14,9,7,30,66
14,9,8,31,74
14,9,9,32,80
14,9,10,33,89
14,9,11,34,95
14,9,12,35,103
14,9,13,36,95
14,9,14,37,76
14,9,15,38,40
14,10,2,26,4
14,10,3,27,34
14,10,4,28,65
14,10,5,29,74
14,10,6,30,78
14,10,7,31,85
14,10,8,32,96
14,10,9,33,104
14,10,10,34,115
14,10,11,35,123
14,10,12,36,133
14,10,13,37,123
14,10,14,38,98
14,10,15,39,51
14,11,2,27,4
14,11,3,28,34
14,11,4,29,66
14,11,5,30,75
14,11,6,31,79
14,11,7,32,86
14,11,8,33,97
14,11,9,34,105
14,11,10,35,116
14,11,11,36,125
14,11,12,37,135
14,11,13,38,125
14,11,14,39,99
14,11,15,40,52
14,12,2,28,4
14,12,3,29,30
14,12,4,30,57
14,12,5,31,65
14,12,6,32,68
14,12,7,33,75
14,12,8,34,84
14,12,9,35,91
14,12,10,36,101
14,12,11,37,108
14,12,12,38,117
14,12,13,39,108
14,12,14,40,86
14,12,15,41,45
14,13,2,29,3
14,13,3,30,22
14,13,4,31,42
14,13,5,32,47
14,13,6,33,50
14,13,7,34,55
14,13,8,35,62
14,13,9,36,67
14,13,10,37,74
14,13,11,38,79
14,13,12,39,86
14,13,13,40,79
14,13,14,41,63
14,13,15,42,33
14,14,2,30,1
14,14,3,31,11
14,14,4,32,22
14,14,5,33,25
14,14,6,34,26
14,14,7,35,28
14,14,8,36,32
14,14,9,37,34
14,14,10,38,38
14,14,11,39,41
14,14,12,40,44
14,14,13,41,41
14,14,14,42,33
14,14,15,43,17
14,15,2,31,1
14,15,3,32,5
14,15,4,33,10
14,15,5,34,11
14,15,6,35,12
14,15,7,36,13
14,15,8,37,14
14,15,9,38,16
14,15,10,39,17
14,15,11,40,19
14,15,12,41,20
14,15,13,42,19
14,15,14,43,15
14,15,15,44,8
15,2,4,21,1
15,2,5,22,1
15,2,6,23,1
15,2,7,24,1
15,2,8,25,1
15,2,9,26,1
15,2,10,27,2
15,2,11,28,2
15,2,12,29,2
15,2,13,30,2
15,2,14,31,1
15,2,15,32,1
15,3,3,21,1
15,3,4,22,2
15,3,5,23,2
15,3,6,24,2
15,3,7,25,2
15,3,8,26,3
15,3,9,27,3
15,3,10,28,3
15,3,11,29,3
15,3,12,30,4
15,3,13,31,3
15,3,14,32,3
15,3,15,33,1
15,4,3,22,1
15,4,4,23,3
15,4,5,24,3
15,4,6,25,3
15,4,7,26,3
15,4,8,27,4
15,4,9,28,4
15,4,10,29,5
15,4,11,30,5
15,4,12,31,5
15,4,13,32,5
15,4,14,33,4
15,4,15,34,2
15,5,3,23,2
15,5,4,24,4
15,5,5,25,5
15,5,6,26,5
15,5,7,27,5
15,5,8,28,6
15,5,9,29,7
15,5,10,30,7
15,5,11,31,8
15,5,12,32,9
15,5,13,33,8
15,5,14,34,6
15,5,15,35,3
15,6,3,24,3
15,6,4,25,7
15,6,5,26,8
15,6,6,27,8
15,6,7,28,9
15,6,8,29,10
15,6,9,30,11
15,6,10,31,12
15,6,11,32,13
15,6,12,33,14
15,6,13,34,13
15,6,14,35,10
15,6,15,36,5
15,7,2,24,1
15,7,3,25,6
15,7,4,26,11
15,7,5,27,13
15,7,6,28,13
15,7,7,29,15
15,7,8,30,17
15,7,9,31,18
15,7,10,32,20
15,7,11,33,21
15,7,12,34,23
15,7,13,35,21
15,7,14,36,17
15,7,15,37,9
15,8,2,25,1
15,8,3,26,10
15,8,4,27,19
15,8,5,28,22
15,8,6,29,23
15,8,7,30,25
15,8,8,31,28
15,8,9,32,30
15,8,10,33,33
15,8,11,34,36
15,8,12,35,39
15,8,13,36,36
15,8,14,37,29
15,8,15,38,15
15,9,2,26,2
15,9,3,27,14
15,9,4,28,27
15,9,5,29,31
15,9,6,30,32
15,9,7,31,35
15,9,8,32,40
15,9,9,33,43
15,9,10,34,48
15,9,11,35,51
15,9,12,36,55
15,9,13,37,51
15,9,14,38,40
15,9,15,39,21
15,10,2,27,2
15,10,3,28,18
15,10,4,29,35
15,10,5,30,40
15,10,6,31,42
15,10,7,32,46
15,10,8,33,51
15,10,9,34,56
15,10,10,35,62
15,10,11,36,66
15,10,12,37,71
15,10,13,38,66
15,10,14,39,52
15,10,15,40,27
15,11,2,28,2
15,11,3,29,18
15,11,4,30,35
15,11,5,31,40
15,11,6,32,42
15,11,7,33,46
15,11,8,34,52
15,11,9,35,56
15,11,10,36,62
15,11,11,37,67
15,11,12,38,72
15,11,13,39,67
15,11,14,40,53
15,11,15,41,28
15,12,2,29,2
15,12,3,30,16
15,12,4,31,31
15,12,5,32,35
15,12,6,33,37
15,12,7,34,40
15,12,8,35,45
15,12,9,36,49
15,12,10,37,54
15,12,11,38,58
15,12,12,39,63
15,12,13,40,58
15,12,14,41,46
15,12,15,42,24
15,13,2,30,1
15,13,3,31,12
15,13,4,32,23
15,13,5,33,25
15,13,6,34,27
15,13,7,35,29
15,13,8,36,33
15,13,9,37,36
15,13,10,38,40
15,13,11,39,43
15,13,12,40,46
15,13,13,41,42
15,13,14,42,34
15,13,15,43,18
15,14,2,31,1
15,14,3,32,6
15,14,4,33,12
15,14,5,34,13
15,14,6,35,14
15,14,7,36,15
15,14,8,37,17
15,14,9,38,18
15,14,10,39,20
15,14,11,40,22
15,14,12,41,24
15,14,13,42,22
15,14,14,43,17
15,14,15,44,9
15,15,3,33,3
15,15,4,34,5
15,15,5,35,6
15,15,6,36,6
15,15,7,37,7
15,15,8,38,8
15,15,9,39,8
15,15,10,40,9
15,15,11,41,10
15,15,12,42,11
15,15,13,43,10
15,15,14,44,8
15,15,15,45,4
